優先度,検索意図,記事案,収益導線,必須の独自検証
1,制度変更,2027年の青色申告特別控除変更,会計ソフト比較,国税庁資料と各社75万円対応範囲
2,初心者,青色申告と白色申告の違い,会計ソフト比較,申請期限と提出書類の公式確認
3,課題解決,領収書と電子取引データの保存方法,会計ソフト無料体験,紙・メール・EC購入の保存手順
4,比較手順,会計ソフト無料体験の比較チェックリスト,会計ソフト比較,同一5取引の入力時間・迷った回数
5,比較,個人事業主向けクラウド会計3社比較,会計ソフト無料体験,同一仕訳の入力時間・無料枠・解約手順
6,指名比較,弥生とマネーフォワードはどっち,会計ソフト無料体験,料金条件・銀行連携・請求書発行
7,不安解消,クラウド会計の評判を実際に試して検証,会計ソフト無料体験,不満点の再現・サポート応答
8,課題解決,請求書作成を30分短縮する手順,会計ソフト無料体験,導入前後の実測時間
9,解約,会計ソフト解約前に行うデータ保存,関連記事回遊,公式手順の実機確認
10,費用,業務ツールに月いくらまで払うべきか,関連記事回遊,3つの売上規模別試算
11,比較,個人事業主向けオンラインストレージ比較,ストレージ申込,復元期間・共有権限・出力方法
12,安全,個人事業主の二要素認証とパスワード管理,セキュリティツール,復旧手順・対応サービスの公式確認
